Case_study,Population_sampled,Var_fam,N_familial,Var_spor,N_sporadic,Var_unaf,N_unaffected,Freq_fam,Freq_fam_LCI,Freq_spor,Freq_spor_LCI,TFR,PF,PA
1,North American (white),45,1450,26,2606,1,4934,0,0,0,0,1.706,0.105,37
1,British,4,192,9,1145,0,1786,0,0,0,0,1.68,0.105,37
1,German and Austrian,3,231,2,803,0,436,0,0,0,0,1.57,0.105,37
1,Norwegian,6,64,3,371,0,572,0,0,0,0,1.56,0.105,37
1,Australian,6,252,2,578,0,0,0,0,0,0,1.74,0.105,37
1,French,5,174,5,300,0,348,0,0,0,0,1.88,0.105,37
1,Swedish,0,127,4,200,0,200,0,0,0,0,1.76,0.105,37
1,Irish,1,35,1,236,0,212,0,0,0,0,1.75,0.105,37
1,Polish,0,21,0,153,0,190,0,0,0,0,1.46,0.105,37
1,Russian,0,10,1,157,0,126,0,0,0,0,1.57,0.105,37
1,North Europe,70,2556,53,6549,1,8804,0,0,0,0,1.687206433,0.105,37
1,Italian and Sardinian,26,633,37,2516,1,1040,0,0,0,0,1.29,0.105,37
1,Spanish,14,283,22,806,0,544,0,0,0,0,1.26,0.105,37
1,Basque,0,41,0,117,0,425,0,0,0,0,1.26,0.105,37
1,Portuguese,12,85,13,317,0,100,0,0,0,0,1.42,0.105,37
1,Cretan,1,92,0,174,0,0,0,0,0,0,1.35,0.105,37
1,Serbian,2,51,0,47,0,161,0,0,0,0,1.49,0.105,37
1,Greek,0,0,1,235,0,0,0,0,0,0,1.35,0.105,37
1,Chilean,1,29,4,137,0,153,0,0,0,0,1.649,0.105,37
1,South Europe,56,1214,77,4349,1,2423,0,0,0,0,1.314437891,0.105,37
1,Europe total,126,3770,130,10898,2,11227,0,0,0,0,1.572244874,0.105,37
1,Chinese,1,973,0,1360,0,938,0,0,0,0,1.69,0.105,37
1,Japanese,1,60,1,526,1,372,0,0,0,0,1.42,0.105,37
1,Korean,0,17,0,436,0,0,0,0,0,0,0.977,0.105,37
1,Indian,0,82,1,718,0,1200,0,0,0,0,2.222,0.105,37
1,North African Arabs,51,143,22,56,4,739,0,0,0,0,2.809,0.105,37
1,Ashkenazi Jews,22,78,25,259,4,410,0,0,0,0,1.706,0.105,37
1,Total worldwide,201,5123,179,14253,11,14886,0,0,0,0,1.64606374,0.105,37
2,Evans_BMPR2,202,247,200,1174,0,0,0,0,0,0,1.543,0.055,0
2,Aldred_anyBMPR2,40,58,26,126,0,0,0,0,0,0,1.543,0.055,0
2,Aldred_smallBMPR2,33,58,20,126,0,0,0,0,0,0,1.543,0.055,0
2,Aldred_largeBMPR2,7,58,6,126,0,0,0,0,0,0,1.543,0.055,0
3,SOD1-A5V,7,1125,1,4366,0,0,0,0,0,0,1.543,0.05,0
3,SOD1-D91A,0,0,4,4366,33,24143,0,0,0,0,1.543,0.05,400
3,SOD1-I114T,17,1140,6,4366,0,0,0,0,0,0,1.543,0.05,0
3,SOD1-Asian,0,0,0,0,0,0,0.3,0.251,0.015,0.01,1.823,0.05,0
3,SOD1-European,0,0,0,0,0,0,0.148,0.115,0.012,0.007,1.543,0.05,0
4,C9-Asian,0,0,0,0,0,0,0.04,0.02,0.01,0,1.823,0.05,0
4,C9-European,0,0,0,0,0,0,0.32,0.28,0.05,0.04,1.543,0.05,0
1,Total worldwide_gnomad,201,5123,179,14253,30,54699,0,0,0,0,1.64606374,0.105,37
1,Europe total_gnomad,126,3770,130,10898,10,21383,0,0,0,0,1.572244874,0.105,37